{
  "test_accuracy": {
    "mean": 0.6697535067411139,
    "std": 0.00979428017568887
  },
  "test_precision": {
    "mean": 0.25655491177826145,
    "std": 0.0064141623366454695
  },
  "test_recall": {
    "mean": 0.6864197530864198,
    "std": 0.023142291123531746
  },
  "feature_report": {
    "classes": {
      "0": {
        "sw": 0.080272436,
        "sc": -0.07295086,
        "chart2": 0.03646196,
        "basegfx": -0.031554595,
        "sd": -0.03137736,
        "vcl": 0.025793975,
        "# of code lines added": -0.023791801,
        "svl": 0.023435717,
        "desktop": -0.021125512,
        "filter": -0.020481046,
        "dbaccess": 0.020062165,
        "# of lines added in tests": -0.019406121,
        "postprocess": -0.01930228,
        "svx": 0.019251185,
        "xmloff": -0.018283041,
        "comphelper": -0.01557816,
        "Maximum test files size": 0.015262221,
        "svgio": 0.013741273,
        "Minimum code files size": 0.013741153,
        "sfx2": 0.01367296,
        "starmath": 0.013430669,
        "basic": 0.013018463,
        "# of code lines deleted": -0.012962917,
        "ucb": 0.012577989,
        "Average test files size": 0.012483999
      },
      "1": {
        "sw": -0.080272436,
        "sc": 0.07295086,
        "chart2": -0.03646196,
        "basegfx": 0.031554595,
        "sd": 0.03137736,
        "vcl": -0.025793975,
        "# of code lines added": 0.023791801,
        "svl": -0.023435717,
        "desktop": 0.021125512,
        "filter": 0.020481046,
        "dbaccess": -0.020062165,
        "# of lines added in tests": 0.019406121,
        "postprocess": 0.01930228,
        "svx": -0.019251185,
        "xmloff": 0.018283041,
        "comphelper": 0.01557816,
        "Maximum test files size": -0.015262221,
        "svgio": -0.013741273,
        "Minimum code files size": -0.013741153,
        "sfx2": -0.01367296,
        "starmath": -0.013430669,
        "basic": -0.013018463,
        "# of code lines deleted": 0.012962917,
        "ucb": -0.012577989,
        "Average test files size": -0.012483999
      }
    },
    "average": {
      "sw": 0.08027243614196777,
      "sc": 0.07295086234807968,
      "chart2": 0.0364619605243206,
      "basegfx": 0.03155459463596344,
      "sd": 0.031377360224723816,
      "vcl": 0.025793975219130516,
      "# of code lines added": 0.023791801184415817,
      "svl": 0.023435717448592186,
      "desktop": 0.021125512197613716,
      "filter": 0.02048104628920555,
      "dbaccess": 0.020062165334820747,
      "# of lines added in tests": 0.019406121224164963,
      "postprocess": 0.019302280619740486,
      "svx": 0.019251184538006783,
      "xmloff": 0.018283041194081306,
      "comphelper": 0.015578160062432289,
      "Maximum test files size": 0.015262220986187458,
      "svgio": 0.013741273432970047,
      "Minimum code files size": 0.013741153292357922,
      "sfx2": 0.013672959990799427,
      "starmath": 0.013430668972432613,
      "basic": 0.013018462806940079,
      "# of code lines deleted": 0.012962916865944862,
      "ucb": 0.012577989138662815,
      "Average test files size": 0.012483999133110046
    }
  },
  "report": {
    "targets": {
      "1": {
        "precision": 0.25131864722308406,
        "recall": 0.7099035933391762,
        "specificity": 0.6561698489598176,
        "f1": 0.37121906507791014,
        "geo_mean": 0.6825081198179249,
        "iba": 0.4683203445706061,
        "support": 1141
      },
      "0": {
        "precision": 0.9329416531604539,
        "recall": 0.6561698489598176,
        "specificity": 0.7099035933391762,
        "f1": 0.7704534047180859,
        "geo_mean": 0.6825081198179249,
        "iba": 0.4633143226641918,
        "support": 7018
      }
    },
    "average": {
      "precision": 0.8376196958403731,
      "recall": 0.6636842750337051,
      "specificity": 0.7023891672652887,
      "f1": 0.7146222512030178,
      "geo_mean": 0.6825081198179248,
      "iba": 0.46401439264767247,
      "support": 8159
    }
  },
  "confusion_matrix": [
    [
      810,
      331
    ],
    [
      2413,
      4605
    ]
  ]
}