{
  "report": {
    "targets": {
      "1": {
        "precision": 0.019748993364133577,
        "recall": 0.9500369185331036,
        "specificity": 0.8527749025827576,
        "f1": 0.03869363860542513,
        "geo_mean": 0.9000931288772793,
        "iba": 0.8180474944508463,
        "support": 4063
      },
      "0": {
        "precision": 0.999817112338971,
        "recall": 0.8527749025827576,
        "specificity": 0.9500369185331036,
        "f1": 0.9204605587285367,
        "geo_mean": 0.9000931288772793,
        "iba": 0.8022877868533348,
        "support": 1301361
      }
    },
    "average": {
      "precision": 0.9967667495699436,
      "recall": 0.8530776207577002,
      "specificity": 0.949734200358161,
      "f1": 0.9177161484859947,
      "geo_mean": 0.9000931288772792,
      "iba": 0.8023368373472499,
      "support": 1305424
    }
  },
  "confusion_matrix": [
    [
      3860,
      203
    ],
    [
      191593,
      1109768
    ]
  ]
}