{
  "report": {
    "targets": {
      "1": {
        "precision": 0.001767749658668924,
        "recall": 0.9388666823418763,
        "specificity": 0.8383354367022655,
        "f1": 0.003528854995698297,
        "geo_mean": 0.8871782290759191,
        "iba": 0.7949978758063361,
        "support": 4253
      },
      "0": {
        "precision": 0.9999777643128339,
        "recall": 0.8383354367022655,
        "specificity": 0.9388666823418763,
        "f1": 0.912050019849549,
        "geo_mean": 0.8871782290759191,
        "iba": 0.779172544486232,
        "support": 13947466
      }
    },
    "average": {
      "precision": 0.999673472978388,
      "recall": 0.838366082344405,
      "specificity": 0.9388360366997368,
      "f1": 0.9117730689939503,
      "geo_mean": 0.8871782290759191,
      "iba": 0.7791773686325686,
      "support": 13951719
    }
  },
  "confusion_matrix": [
    [
      3993,
      260
    ],
    [
      2254811,
      11692655
    ]
  ]
}